Workbook

Sheet Dashboard
AA1: Month | AB1: Trend Value
B2: Olist Sales Overview | AA2: =Data!A3 -> 2016-09 | AB2: =IF($D$6="Revenue", Data!B3, Data!C3) -> 252.24
AA3: =Data!A4 -> 2016-10 | AB3: =IF($D$6="Revenue", Data!B4, Data!C4) -> 59090.48
B4: Brazilian e-commerce · Sep 2016 – Aug 2018 · built from the cleaned PostgreSQL tables (Phase 1) | AA4: =Data!A5 -> 2016-12 | AB4: =IF($D$6="Revenue", Data!B5, Data!C5) -> 19.62
AA5: =Data!A6 -> 2017-01 | AB5: =IF($D$6="Revenue", Data!B6, Data!C6) -> 138488.04
B6: Trend metric: | D6: Revenue | G6: Year: | H6: All | J6: ← change these two cells to filter the trend chart and the totals below | AA6: =Data!A7 -> 2017-02 | AB6: =IF($D$6="Revenue", Data!B7, Data!C7) -> 291908.01
B7: Selected period → Revenue: | D7: =IF($H$6="All", SUM(Data!$B$3:$B$25), SUMIFS(Data!$B$3:$B$25, Data!$D$3:$D$25, VALUE($H$6))) -> 16003843 | G7: Orders: | H7: =IF($H$6="All", SUM(Data!$C$3:$C$25), SUMIFS(Data!$C$3:$C$25, Data!$D$3:$D$25, VALUE($H$6))) -> 99420 | AA7: =Data!A8 -> 2017-03 | AB7: =IF($D$6="Revenue", Data!B8, Data!C8) -> 449863.6
AA8: =Data!A9 -> 2017-04 | AB8: =IF($D$6="Revenue", Data!B9, Data!C9) -> 417788.03
B9: TOTAL REVENUE | E9: TOTAL ORDERS | H9: AVG. DELIVERY DAYS | K9: ON-TIME DELIVERY | N9: AVG. REVIEW SCORE | AA9: =Data!A10 -> 2017-05 | AB9: =IF($D$6="Revenue", Data!B10, Data!C10) -> 592918.82
B10: =SUM(Data!B3:B25) -> 16003843 | E10: =SUM(Data!C3:C25) -> 99420 | H10: =Data!V2 -> 12.56 | K10: =Data!V4 -> 0.9189 | N10: =Data!V3 -> 4.09 | AA10: =Data!A11 -> 2017-06 | AB10: =IF($D$6="Revenue", Data!B11, Data!C11) -> 511276.38
AA11: =Data!A12 -> 2017-07 | AB11: =IF($D$6="Revenue", Data!B12, Data!C12) -> 592382.92
B12: 99,420 orders total | E12: 96,478 delivered | H12: purchase to receipt | K12: vs. estimated date | N12: 57.6% are 5-star | AA12: =Data!A13 -> 2017-08 | AB12: =IF($D$6="Revenue", Data!B13, Data!C13) -> 674396.32
AA13: =Data!A14 -> 2017-09 | AB13: =IF($D$6="Revenue", Data!B14, Data!C14) -> 727762.45
AA14: =Data!A15 -> 2017-10 | AB14: =IF($D$6="Revenue", Data!B15, Data!C15) -> 779677.88
AA15: =Data!A16 -> 2017-11 | AB15: =IF($D$6="Revenue", Data!B16, Data!C16) -> 1194882.8
AA16: =Data!A17 -> 2017-12 | AB16: =IF($D$6="Revenue", Data!B17, Data!C17) -> 878401.48
AA17: =Data!A18 -> 2018-01 | AB17: =IF($D$6="Revenue", Data!B18, Data!C18) -> 1115004.2
AA18: =Data!A19 -> 2018-02 | AB18: =IF($D$6="Revenue", Data!B19, Data!C19) -> 992463.34
AA19: =Data!A20 -> 2018-03 | AB19: =IF($D$6="Revenue", Data!B20, Data!C20) -> 1159652.1
AA20: =Data!A21 -> 2018-04 | AB20: =IF($D$6="Revenue", Data!B21, Data!C21) -> 1160785.5
AA21: =Data!A22 -> 2018-05 | AB21: =IF($D$6="Revenue", Data!B22, Data!C22) -> 1153982.1
AA22: =Data!A23 -> 2018-06 | AB22: =IF($D$6="Revenue", Data!B23, Data!C23) -> 1023880.5
AA23: =Data!A24 -> 2018-07 | AB23: =IF($D$6="Revenue", Data!B24, Data!C24) -> 1066540.8
AA24: =Data!A25 -> 2018-08 | AB24: =IF($D$6="Revenue", Data!B25, Data!C25) -> 1022425.3
B72: Delivery Performance by State — sorted by order volume
B74: State | F74: Total Orders | I74: Avg Delivery Days | L74: Share of Volume | O74: Pace vs. Fastest (SP)
B75: =Data!O3 -> SP | F75: =Data!P3 -> 40494 | I75: =Data!Q3 -> 8.8 | L75: =Data!P3/SUM(Data!$P$3:$P$12) -> 0.46385411 | O75: =Data!Q3-MIN(Data!$Q$3:$Q$12) -> 0
B76: =Data!O4 -> RJ | F76: =Data!P4 -> 12350 | I76: =Data!Q4 -> 15.3 | L76: =Data!P4/SUM(Data!$P$3:$P$12) -> 0.14146783 | O76: =Data!Q4-MIN(Data!$Q$3:$Q$12) -> 6.5
B77: =Data!O5 -> MG | F77: =Data!P5 -> 11354 | I77: =Data!Q5 -> 12 | L77: =Data!P5/SUM(Data!$P$3:$P$12) -> 0.13005876 | O77: =Data!Q5-MIN(Data!$Q$3:$Q$12) -> 3.2
B78: =Data!O6 -> RS | F78: =Data!P6 -> 5344 | I78: =Data!Q6 -> 15.3 | L78: =Data!P6/SUM(Data!$P$3:$P$12) -> 0.061214905 | O78: =Data!Q6-MIN(Data!$Q$3:$Q$12) -> 6.5
B79: =Data!O7 -> PR | F79: =Data!P7 -> 4923 | I79: =Data!Q7 -> 12 | L79: =Data!P7/SUM(Data!$P$3:$P$12) -> 0.056392399 | O79: =Data!Q7-MIN(Data!$Q$3:$Q$12) -> 3.2
B80: =Data!O8 -> SC | F80: =Data!P8 -> 3546 | I80: =Data!Q8 -> 15 | L80: =Data!P8/SUM(Data!$P$3:$P$12) -> 0.040619022 | O80: =Data!Q8-MIN(Data!$Q$3:$Q$12) -> 6.2
B81: =Data!O9 -> BA | F81: =Data!P9 -> 3256 | I81: =Data!Q9 -> 19.3 | L81: =Data!P9/SUM(Data!$P$3:$P$12) -> 0.037297105 | O81: =Data!Q9-MIN(Data!$Q$3:$Q$12) -> 10.5
B82: =Data!O10 -> DF | F82: =Data!P10 -> 2080 | I82: =Data!Q10 -> 13 | L82: =Data!P10/SUM(Data!$P$3:$P$12) -> 0.023826161 | O82: =Data!Q10-MIN(Data!$Q$3:$Q$12) -> 4.2
B83: =Data!O11 -> ES | F83: =Data!P11 -> 1995 | I83: =Data!Q11 -> 15.8 | L83: =Data!P11/SUM(Data!$P$3:$P$12) -> 0.022852495 | O83: =Data!Q11-MIN(Data!$Q$3:$Q$12) -> 7
B84: =Data!O12 -> GO | F84: =Data!P12 -> 1957 | I84: =Data!Q12 -> 15.6 | L84: =Data!P12/SUM(Data!$P$3:$P$12) -> 0.02241721 | O84: =Data!Q12-MIN(Data!$Q$3:$Q$12) -> 6.8
B86: Data: Olist Brazilian E-Commerce Public Dataset (Kaggle) · aggregated from cleaned PostgreSQL tables (Phase 1) · change the Trend metric / Year cells above to update the chart and totals

Sheet Data
A1: Monthly Revenue & Orders | F1: Order Status Breakdown | I1: Top 10 Product Categories | L1: Payment Methods | O1: Delivery Performance by State (Top 10 by volume) | S1: Review Score Distribution | U1: KPI Inputs (order-level metrics)
A2: Month | B2: Revenue (R$) | C2: Orders | D2: Year | F2: Status | G2: Orders | I2: Category | J2: Items Sold | L2: Payment Type | M2: Orders | O2: State | P2: Total Orders | Q2: Avg Delivery Days | S2: Score | T2: Reviews | U2: Avg Delivery Days (all delivered orders) | V2: 12.56
A3: 2016-09 | B3: 252.24 | C3: 3 | D3: 2016 | F3: Delivered | G3: 96478 | I3: Bed Bath Table | J3: 11115 | L3: Credit Card | M3: 76795 | O3: SP | P3: 40494 | Q3: 8.8 | S3: 1 | T3: 11424 | U3: Avg Review Score | V3: 4.09
A4: 2016-10 | B4: 59090.48 | C4: 324 | D4: 2016 | F4: Shipped | G4: 1107 | I4: Health Beauty | J4: 9670 | L4: Boleto | M4: 19784 | O4: RJ | P4: 12350 | Q4: 15.3 | S4: 2 | T4: 3151 | U4: On-Time Delivery Rate | V4: 0.9189
A5: 2016-12 | B5: 19.62 | C5: 1 | D5: 2016 | F5: Canceled | G5: 625 | I5: Sports Leisure | J5: 8641 | L5: Voucher | M5: 5775 | O5: MG | P5: 11354 | Q5: 12 | S5: 3 | T5: 8179
A6: 2017-01 | B6: 138488.04 | C6: 800 | D6: 2017 | F6: Unavailable | G6: 609 | I6: Furniture Decor | J6: 8334 | L6: Debit Card | M6: 1529 | O6: RS | P6: 5344 | Q6: 15.3 | S6: 4 | T6: 19142 | U6: Source: computed directly on order-level rows in PostgreSQL (Phase 1, Q2) and the EDA notebook (Phase 2) — the per-order dates and review scores this needs are not part of the aggregated tables in this workbook.
A7: 2017-02 | B7: 291908.01 | C7: 1780 | D7: 2017 | F7: Invoiced | G7: 314 | I7: Computers Accessories | J7: 7827 | L7: Not Defined | M7: 3 | O7: PR | P7: 4923 | Q7: 12 | S7: 5 | T7: 57328
A8: 2017-03 | B8: 449863.6 | C8: 2682 | D8: 2017 | F8: Processing | G8: 301 | I8: Housewares | J8: 6964 | O8: SC | P8: 3546 | Q8: 15
A9: 2017-04 | B9: 417788.03 | C9: 2404 | D9: 2017 | F9: Created | G9: 5 | I9: Watches Gifts | J9: 5991 | O9: BA | P9: 3256 | Q9: 19.3
A10: 2017-05 | B10: 592918.82 | C10: 3700 | D10: 2017 | F10: Approved | G10: 2 | I10: Telephony | J10: 4545 | O10: DF | P10: 2080 | Q10: 13
A11: 2017-06 | B11: 511276.38 | C11: 3245 | D11: 2017 | I11: Garden Tools | J11: 4347 | O11: ES | P11: 1995 | Q11: 15.8
A12: 2017-07 | B12: 592382.92 | C12: 4026 | D12: 2017 | I12: Auto | J12: 4235 | O12: GO | P12: 1957 | Q12: 15.6
A13: 2017-08 | B13: 674396.32 | C13: 4331 | D13: 2017
A14: 2017-09 | B14: 727762.45 | C14: 4285 | D14: 2017
A15: 2017-10 | B15: 779677.88 | C15: 4631 | D15: 2017
A16: 2017-11 | B16: 1194882.8 | C16: 7544 | D16: 2017
A17: 2017-12 | B17: 878401.48 | C17: 5673 | D17: 2017
A18: 2018-01 | B18: 1115004.2 | C18: 7269 | D18: 2018
A19: 2018-02 | B19: 992463.34 | C19: 6728 | D19: 2018
A20: 2018-03 | B20: 1159652.1 | C20: 7211 | D20: 2018
A21: 2018-04 | B21: 1160785.5 | C21: 6939 | D21: 2018
A22: 2018-05 | B22: 1153982.1 | C22: 6873 | D22: 2018
A23: 2018-06 | B23: 1023880.5 | C23: 6167 | D23: 2018
A24: 2018-07 | B24: 1066540.8 | C24: 6292 | D24: 2018
A25: 2018-08 | B25: 1022425.3 | C25: 6512 | D25: 2018
A26: Source: aggregated from cleaned_orders + cleaned_order_payments (Phase 1 SQL), grouped by order purchase month.
